Month,Total users,New users,Views,Views per user,Sessions,Average session duration,Engaged sessions,Engagement rate
6,2161,1575,52331,24.53398968588842,24089,223.5111584729959,8532,0.3541865581800822
7,2200,1619,46935,21.510082493125573,21801,254.71573131163703,8387,0.38470712352644376
8,3845,3118,58882,15.389963408259279,23901,270.4315533153842,9746,0.4077653654658801
9,5915,4616,107722,18.292069960944133,42550,323.37446200709746,16627,0.39076380728554644
10,6175,4594,132293,21.581239804241434,46268,326.8114698682896,18940,0.4093541972853808
11,5237,3711,108017,20.784491052530306,39823,380.4337014852473,16502,0.4143836476408106
12,4381,3103,69668,16.048836673577515,26874,379.69194214106574,10303,0.38338170722631537